{
	"id": "cede3b01-fbd2-4aed-8c78-617c18f5b832",
	"name": "Testes",
	"values": [
		{
			"key": "host",
			"value": "https://portalvendasapi.dev.atto.digital",
			"enabled": true
		},
		{
			"key": "user_test_document",
			"value": "01822965209",
			"type": "default",
			"enabled": true
		},
		{
			"key": "user_test_password",
			"value": "1OlI90C2QK9Qq43qCSsl",
			"type": "default",
			"enabled": true
		},
		{
			"key": "access_token",
			"value": "",
			"type": "any",
			"enabled": true
		},
		{
			"key": "refresh_token",
			"value": "",
			"type": "any",
			"enabled": true
		},
		{
			"key": "oauth_access_token",
			"value": "",
			"type": "any",
			"enabled": true
		},
		{
			"key": "oauth_refresh_token",
			"value": "",
			"type": "any",
			"enabled": true
		}
	],
	"_postman_variable_scope": "environment",
	"_postman_exported_at": "2023-12-01T20:27:18.997Z",
	"_postman_exported_using": "Postman/10.20.7"
}